{
  "packages": [
    {
      "name": "microtherion",
      "maintainer": "Matthias Neeracher",
      "websiteURL": "https://github.com/microtherion/ScratchMonkey",
      "email": "microtherion@gmail.com",
      "help": {
        "online": "https://microtherion.github.io/ScratchMonkey"
      },
      "platforms": [
        {
          "name": "microtherion",
          "architecture": "avr",
          "version": "2.0.1",
          "category": "Contributed",
          "url": "https://github.com/microtherion/ScratchMonkey/raw/master/IDE_Board_Manager/ScratchMonkey-2.0.1.zip",
          "archiveFileName": "ScratchMonkey-2.0.1.zip",
          "checksum": "",
          "size": "",
          "help": {
            "online": "https://microtherion.github.io/ScratchMonkey"
          },
          "boards": [],
          "toolsDependencies": []
        }
      ],
      "tools": []
    }
  ]
}